
-- ----------------------------
-- Records of nhanvien
-- ----------------------------
INSERT INTO nhanvien VALUES ('011564812','153972','Ton Van Quy');
INSERT INTO nhanvien VALUES ('141582651', '178345', 'Doan Thi Mai');
INSERT INTO nhanvien VALUES ('142519864', '227489', 'Nguyen Thi Xuan Dao');
INSERT INTO nhanvien VALUES ('159542516', '48250', 'Le Van Ky');
INSERT INTO nhanvien VALUES ('242518965', '120433', 'Tran Van Son');
INSERT INTO nhanvien VALUES ('248965255', '43723', 'Tran Thi Ba');
INSERT INTO nhanvien VALUES ('254099823', '24450', 'Nguyen Thi Quynh');
INSERT INTO nhanvien VALUES ('269734834', '289950', 'Truong Tuan Anh');
INSERT INTO nhanvien VALUES ('274878974', '99890', 'Mai Quoc Minh');
INSERT INTO nhanvien VALUES ('287321212', '48090', 'Duong Van Minh');
INSERT INTO nhanvien VALUES ('310454876', '212156', 'Ta Van Do');
INSERT INTO nhanvien VALUES ('310454877', '33546', 'Tran Van Hao');
INSERT INTO nhanvien VALUES ('348121549', '32899', 'Nguyen Van Thanh');
INSERT INTO nhanvien VALUES ('355548984', '212156', 'Tran Thi Hoai An');
INSERT INTO nhanvien VALUES ('356187925', '44740', 'Nguyen Vinh Bao');
INSERT INTO nhanvien VALUES ('390487451', '212156', 'Le Van Luat');
INSERT INTO nhanvien VALUES ('489221823', '23980', 'Bui Quoc Chinh');
INSERT INTO nhanvien VALUES ('489456522', '127984', 'Nguyen Thi Quy Linh');
INSERT INTO nhanvien VALUES ('548977562', '84476', 'Le Van Quy');
INSERT INTO nhanvien VALUES ('550156548', '205187', 'Nguyen Thi Cam');
INSERT INTO nhanvien VALUES ('552455318', '101745', 'La Que');
INSERT INTO nhanvien VALUES ('552455348', '92013', 'Bui Thi Dung');
INSERT INTO nhanvien VALUES ('567354612', '256481', 'Quan Cam Ly');
INSERT INTO nhanvien VALUES ('574489457', '20', 'Dui Van Lap');


-- ----------------------------
-- Records of chuyenbay
-- ----------------------------
INSERT INTO chuyenbay VALUES ('VN216', '262', '4170', 'SGN', 'DIN', '10:30:00', '14:20:00');
INSERT INTO chuyenbay VALUES ('VN254', '781', '8765', 'SGN', 'HUI', '18:40:00', '20:00:00');
INSERT INTO chuyenbay VALUES ('VN269', '202', '1262', 'HAN', 'CXR', '14:10:00', '15:50:00');
INSERT INTO chuyenbay VALUES ('VN276', '203', '1283', 'DAD', 'CXR', '09:00:00', '12:00:00');
INSERT INTO chuyenbay VALUES ('VN280', '1279', '11979', 'SGN', 'HPH', '06:00:00', '08:00:00');
INSERT INTO chuyenbay VALUES ('VN315', '112', '134', 'HAN', 'DAD', '11:45:00', '13:00:00');
INSERT INTO chuyenbay VALUES ('VN317', '190', '827', 'HAN', 'UIH', '15:00:00', '16:15:00');
INSERT INTO chuyenbay VALUES ('VN320', '221', '2798', 'SGN', 'DAD', '06:00:00', '07:10:00');
INSERT INTO chuyenbay VALUES ('VN338', '375', '4081', 'SGN', 'BMV', '15:25:00', '16:25:00');
INSERT INTO chuyenbay VALUES ('VN374', '120', '510', 'HAN', 'VII', '11:40:00', '13:25:00');
INSERT INTO chuyenbay VALUES ('VN375', '181', '752', 'VII', 'CXR', '14:15:00', '16:00:00');
INSERT INTO chuyenbay VALUES ('VN431', '236', '3693', 'SGN', 'CAH', '05:55:00', '06:55:00');
INSERT INTO chuyenbay VALUES ('VN440', '426', '4081', 'SGN', 'BMV', '18:30:00', '19:30:00');
INSERT INTO chuyenbay VALUES ('VN464', '225', '2002', 'SGN', 'DLI', '07:20:00', '08:05:00');
INSERT INTO chuyenbay VALUES ('VN474', '102', '1586', 'PXU', 'PQC', '08:40:00', '11:20:00');
INSERT INTO chuyenbay VALUES ('VN476', '117', '485', 'UIH', 'PQC', '09:15:00', '11:50:00');
INSERT INTO chuyenbay VALUES ('VN651', '221', '2798', 'DAD', 'SGN', '19:30:00', '08:00:00');
INSERT INTO chuyenbay VALUES ('VN741', '120', '395', 'HAN', 'PXU', '06:30:00', '08:30:00');

-- ----------------------------
-- Records of maybay
-- ----------------------------
INSERT INTO maybay VALUES ('154', 'Tupolev 154', '6565');
INSERT INTO maybay VALUES ('319', 'Airbus A319', '2888');
INSERT INTO maybay VALUES ('320', 'Airbus A320', '4168');
INSERT INTO maybay VALUES ('340', 'Airbus A340 - 300', '11392');
INSERT INTO maybay VALUES ('727', 'Boeing 727', '2406');
INSERT INTO maybay VALUES ('737', 'Boeing 737 - 800', '5413');
INSERT INTO maybay VALUES ('747', 'Boeing 747 - 400', '13488');
INSERT INTO maybay VALUES ('757', 'Boeing 757 - 300', '6416');
INSERT INTO maybay VALUES ('767', 'Boeing 767 - 400ER', '10360');
INSERT INTO maybay VALUES ('777', 'Boeing 777 - 300', '10306');

-- ----------------------------
-- Records of chungnhan
-- ----------------------------
INSERT INTO chungnhan VALUES ('1','154','269734834');
INSERT INTO chungnhan VALUES ('2','154','310454876' );
INSERT INTO chungnhan VALUES ('3','154','355548984' );
INSERT INTO chungnhan VALUES ('4','154','574489457' );
INSERT INTO chungnhan VALUES ('5','319','269734834' );
INSERT INTO chungnhan VALUES ('6','319','390487451');
INSERT INTO chungnhan VALUES ('7','319','552455318' );
INSERT INTO chungnhan VALUES ('8','320','142519864' );
INSERT INTO chungnhan VALUES ('9','320','269734834' );
INSERT INTO chungnhan VALUES ('10','320','390487451' );
INSERT INTO chungnhan VALUES ('11','320','552455318' );
INSERT INTO chungnhan VALUES ('12','340','142519864' );
INSERT INTO chungnhan VALUES ('13','340','269734834' );
INSERT INTO chungnhan VALUES ('14','340','390487451' );
INSERT INTO chungnhan VALUES ('15','340','567354612' );
INSERT INTO chungnhan VALUES ('16','727','269734834' );
INSERT INTO chungnhan VALUES ('17','727','567354612' );
INSERT INTO chungnhan VALUES ('18','737','011564812' );
INSERT INTO chungnhan VALUES ('19','737','141582651' );
INSERT INTO chungnhan VALUES ('20','737','142519864' );
INSERT INTO chungnhan VALUES ('21','737','242518965' );
INSERT INTO chungnhan VALUES ('22','737','269734834' );
INSERT INTO chungnhan VALUES ('23','737','552455318' );
INSERT INTO chungnhan VALUES ('24','737','567354612' );
INSERT INTO chungnhan VALUES ('25','747','142519864' );
INSERT INTO chungnhan VALUES ('26','747','269734834' );
INSERT INTO chungnhan VALUES ('27','747','567354612' );
INSERT INTO chungnhan VALUES ('28','757','011564812' );
INSERT INTO chungnhan VALUES ('29','757','141582651' );
INSERT INTO chungnhan VALUES ('30','757','142519864' );
INSERT INTO chungnhan VALUES ('31','757','242518965' );
INSERT INTO chungnhan VALUES ('32','757','269734834' );
INSERT INTO chungnhan VALUES ('33','757','274878974' );
INSERT INTO chungnhan VALUES ('34','757','567354612' );
INSERT INTO chungnhan VALUES ('35','767','141582651' );
INSERT INTO chungnhan VALUES ('36','767','142519864' );
INSERT INTO chungnhan VALUES ('37','767','269734834' );
INSERT INTO chungnhan VALUES ('38','767','274878974' );
INSERT INTO chungnhan VALUES ('39','767','552455318' );
INSERT INTO chungnhan VALUES ('40','767','567354612' );
INSERT INTO chungnhan VALUES ('41','777','142519864' );
INSERT INTO chungnhan VALUES ('42','777','269734834' );
INSERT INTO chungnhan VALUES ('43','777','567354612' );
